{
  "cam_K": [
    662.8089599609375,
    0.0,
    259.0,
    0.0,
    660.8289794921875,
    259.0,
    0.0,
    0.0,
    1.0
  ],
  "depth_scale": 1.0
}
